internalTaxonId,latitude,longitude
175221,8.671981,77.18391
175221,8.67198,77.18395
175221,8.492711,77.38126
175221,8.492712,77.38124
175221,8.492713,77.38127
175221,8.492712,77.38128
175221,10.09371,76.9591
175221,10.09361,76.95915
175221,10.09369,76.95918
175221,10.05254,76.99326
175221,10.12106,76.99863
175221,10.12811,77.00591
175221,9.787464,77.15826
175221,8.671989,77.18394
175221,8.681953,77.19013
61780183,11.601628,92.683613
61780183,10.683605,92.534939
61780183,11.797699,92.728943
61780183,11.664644,92.735545
61987623,21.67206,106.37986
61987623,14.433333,101.366667
61987623,14.433333,101.366667
61987623,23.78111138,89.63912494
61987623,26.42504726,91.9625522
61987623,11.94939272,92.63568438
61987623,19.38792766,93.48760112
61987623,7.0163908,93.82901738
61987931,6.420315,80.389709
61987931,14.939194,74.743222
61987931,8.932883,77.271463
61987931,11.170318,76.57814
61987931,13.708333,75.102778
61987931,12.580756,75.538703
61987931,23.1833,72.6333
61987931,23.617778,99.123333
61987931,7.293413,80.64
61987931,20.754217,73.498993
61987931,6.914894,79.863121
61987931,10.360109,76.928797
61987931,14.9392,75.1028
61987931,13.7083,75.6611
61987931,14.9392,75.6611
61987931,10.366966,76.996483
61987931,17.03,73.72
61987931,16.67,74.25
61987931,24.01,97.85
61987931,13.02,74.97
61987931,8.647222,77.25
61987931,8.519444,77.333333
61987931,9.1875,77.1556
61987931,8.373611,77.431944
61987931,6.912406,79.862377
61987931,10.48095,76.831325
61987931,10.348778,76.895241
61987931,10.312675,76.91016
61987931,10.338319,76.967501
61987931,10.397607,76.989666
61987931,10.371668,76.991853
61987931,10.350881,76.934518
61987931,10.252168,76.940389
61987931,10.29939,76.89109
61987931,10.29858,76.89543
61987931,10.31311,76.91117
61987931,10.33753,76.96959
61987931,10.39876,76.98795
61987931,10.39653,76.98853
61987931,10.36418,76.99762
61987931,10.36352,76.99988
61987931,8.638383,77.271664
61987931,8.630313,77.273983
61987931,8.624297,77.275942
61987931,8.525881,77.444858
61987931,8.524337,77.44528
61987931,8.525236,77.446594
61987931,8.965265,77.069964
61987931,10.408027,76.933763
61987931,7.657916,80.237643
61987931,8.346565,80.374971
61987931,6.989785,80.427089
61987931,23.18,72.63
61987931,26.15,91.66
61987931,25.721589,97.947859
61987931,22.02,100.8
61987931,14.0,98.5
61987931,26.666667,97.333333
61987931,7.60806,80.70472
61987931,-7.50278,111.26306
61987931,8.626822,77.355822
61987931,10.391247,77.040854
61987931,13.543989,75.092556
61987931,13.225,75.325
61987931,13.5,75.325
61987931,13.191691,75.335097
61987931,8.64722,76.475
61987931,11.767041,92.75053
61987931,12.55,75.6667
61987931,22.02,100.8
61987931,24.02,97.85
61987931,24.82,98.3
61987931,21.48,101.57
61987931,7.066376,80.042948
61987931,8.695128,77.262089
61987931,10.295271,76.951248
61987931,26.678877,94.358472
61987931,16.651753,73.511873
61987931,3.125346,101.649676
61987931,2.831645,101.661882
61987931,16.476008,102.822165
61987931,16.072001,73.653727
61987931,5.438377,100.289897
61987931,3.131071,101.657845
61987931,13.478885,75.017516
61987931,12.922851,75.655721
61987931,13.078948,77.577901
61987931,21.345826,95.184087
61987931,10.304457,76.424458
61987931,6.892803,79.929655
61987931,6.89278,79.929658
61987931,26.696484,93.977676
61987931,5.361471,100.305891
61987931,3.098936,101.412025
61987931,16.942058,73.373817
61987931,10.302191,76.427384
61987931,10.307999,76.901217
61987931,10.347517,76.901442
61987931,23.672888,91.320328
61987931,26.629933,93.727755
61987931,21.929325,101.254837
61987931,3.190848,113.045582
61987931,18.978451,72.836926
61987931,10.302143,76.427384
61987931,10.317714,76.914234
61987931,10.359942,76.934045
61987931,10.335599,76.962686
61987931,10.338322,76.963581
61987931,10.338524,76.96367
61987931,10.336287,76.965897
61987931,10.350507,76.974567
61987931,10.378064,76.993286
61987931,23.659325,91.294395
61987931,26.738053,94.200555
61987931,5.361284,100.304417
61987931,2.944542,101.694563
61987931,1.301659,103.76672
61987931,21.957355,100.452547
61987931,22.01071,100.799775
61987931,25.885664,99.371048
61987931,22.02,100.8
61987931,22.02,100.8
61987931,23.55,99.4
61987931,21.48,101.57
61987931,24.02,97.85
61987931,19.33333,98.83333
61987931,9.33333,98.41667
61987931,7.299712,80.640945
61987931,6.41186,80.455971
61987931,7.205685,79.910263
61987931,10.358025,76.890285
61987931,10.347891,76.892543
61987931,10.322817,76.928891
61987931,10.347996,76.931715
61987931,10.369175,76.994109
61987931,15.127036,101.017361
61987931,18.7953,98.9986
61987931,7.9906,98.3381
61987931,15.127036,101.017361
61987931,11.65,99.5833
61987931,15.127036,101.017361
61987931,14.081834,98.196981
61987931,21.957355,100.452547
61987931,22.01071,100.799775
61987931,24.433739,98.588637
61987931,22.01071,100.799775
61987931,21.475834,101.56752
61987931,22.555882,99.932102
61987931,22.010889,100.79926
61987931,21.475834,101.56752
61987931,21.475834,101.56752
61987931,22.02,100.8
61987931,6.42,80.43
61987931,24.02,97.85
61987931,22.25,99.46
61987931,24.82,98.3
61987931,22.02,100.8
61987931,3.083333,101.5
61987931,26.655537,93.382529
61987931,23.55,99.4
61987931,8.81566,77.013268
61987931,12.948781,77.584282
61987931,8.504928,77.466446
61987931,10.357455,76.883507
61987931,6.826342,81.078166
61987931,16.657125,73.521126
61987931,26.988503,94.316498
61987931,8.431111,76.986664
61987931,30.345556,77.99778
61987931,7.293428,80.64083
61987931,23.734323,88.529304
61987931,23.738998,90.401108
61987931,23.738991,90.40123
61987931,16.98793,100.802043
61987931,3.129944,101.657813
61987931,2.945824,101.691778
61987931,6.691358,80.380263
61987931,22.833265,91.716932
61987931,25.174323,94.368718
61987931,5.417231,100.213498
61987931,6.883206,79.865474
61987931,25.98606,90.786566
61987931,22.509935,97.027607
61987931,3.747815,101.534612
61987931,3.747916,101.534717
61987931,3.178692,101.707493
61987931,1.379444,103.960278
61987931,1.366787,103.963536
61987931,6.404358,80.02147
61987931,26.934471,89.026727
61987931,22.409697,91.816527
61987931,27.067699,93.597893
61987931,26.9516,94.226
61987931,27.0613,95.0706
61987931,11.5878,76.1003
61987931,17.64801,99.468231
61987931,8.537547,99.723892
61987931,16.783333,96.166667
61987931,13.75,100.583333
61987931,6.933333,79.85
61987931,3.45,102.416667
61987931,7.60275,99.371694
61987931,5.833333,101.833333
61987931,7.25,80.6
61987931,4.916667,103.35
61987931,7.60275,99.371694
61987931,7.27111,80.59556
61987931,19.333333,98.833333
61987931,8.833333,99.0
61987931,6.083333,101.833333
61987931,8.9167,77.2833
61987931,7.9,80.4
61987931,18.75,98.883333
61987931,19.5,99.166667
61987931,4.65,102.116667
61987931,19.0667,99.75
61987931,14.41666,107.73333
61987931,18.783333,98.983333
61987931,12.866667,74.883333
61987931,7.873054,80.771797
61987931,25.583333,91.633333
61987931,16.5,97.65
61987931,12.443611,98.608889
61987931,17.03,73.72
177756483,27.41528,90.42944
177756483,28.253008,83.938548
177756483,27.21531743,87.74429673
177756483,27.39103982,88.49136705
62038695,25.5068128,90.22521973
62038695,26.90890622,93.30804348
62038695,25.16,90.39
62038695,25.5154911,90.60240264
62038695,25.19620942,90.63740015
62038695,25.00355687,93.5247003
253632034,19.359972,73.259861
253632034,14.2639,74.7389
253632034,14.271,74.739417
253632034,14.128417,74.954192
253632034,12.143375,75.239294
253632034,12.073394,75.290014
253632034,12.328325,75.298942
253632034,11.8754,75.38431
253632034,11.799797,75.483164
253632034,11.1051,75.87147
253632034,11.542903,76.026456
253632034,11.521192,76.026681
253632034,11.437017,76.047103
253632034,10.672644,76.089597
253632034,10.048208,76.360711
253632034,9.708756,76.398667
253632034,11.459389,76.403194
253632034,11.462814,76.446225
253632034,11.457953,76.507786
253632034,8.895353,76.586678
253632034,10.313342,76.595403
253632034,9.140719,76.623506
253632034,8.922081,76.654228
253632034,8.956008,76.716086
253632034,9.188333,76.767492
253632034,11.358222,76.795061
253632034,9.376506,76.989806
253632034,8.927881,77.059553
253632034,8.893586,77.060814
253632034,8.925964,77.066364
253632034,8.879764,77.095175
253632034,8.642969,77.200375
31219,14.2736,75.1167
31219,14.8583,74.775
31219,13.416667,75.75
31219,14.25,74.583333
31219,14.598056,74.846111
31219,14.721111,74.715278
31219,14.644167,74.603333
31219,14.295,74.8325
31219,14.368056,74.614722
31219,14.329444,74.718333
31219,14.633889,74.872778
31219,14.872222,74.631389
31219,14.562778,74.694444
31219,14.646389,74.719722
31219,15.089722,74.812778
31219,15.186667,74.653611
31219,14.840556,74.841111
31219,14.997778,74.821111
31219,15.132222,74.8775
31219,14.271667,75.206389
31219,14.876667,74.929444
31219,14.7125,74.684722
31219,14.283333,74.733333
31219,13.416667,75.28
31219,11.9197,75.6161
31219,12.5319,75.2671
31219,11.8409,75.7764
31219,12.827222,75.427222
31219,14.266667,74.7
31219,14.25,74.833333
31219,14.433333,74.45
31219,17.7,74.033333
31219,10.361389,76.699167
31219,10.490278,76.678333
31219,10.180278,76.841111
31219,10.449167,76.836667
31219,10.399444,76.864722
31219,10.549722,76.680556
31219,9.083056,77.186389
31219,9.087778,77.1575
31219,9.090278,77.274444
31219,8.968056,77.151667
31219,14.719944,74.28
31219,12.49,75.35
31219,12.42,75.39
31219,17.603611,73.735833
31219,17.453611,73.7125
31219,17.659722,73.973056
31219,17.320556,73.772778
31219,17.246944,73.706111
31219,17.301944,73.834167
31219,16.458889,73.88
31219,13.05,75.29
31219,14.5225,74.553139
31219,14.929722,74.805
31219,14.737722,74.718556
31219,14.575778,74.549
31219,14.353861,74.509111
31219,14.345472,74.559889
31219,14.450944,74.494611
31219,12.452722,75.619139
31219,12.6535,75.618972
31219,12.545556,75.668611
31219,13.605,75.270556
31219,13.690556,75.186944
31219,13.508833,75.968889
31219,13.674197,74.799125
31219,12.5,75.65
31219,14.590525,74.573294
31219,14.531656,74.563292
31219,9.2333,77.08333
31219,8.690278,77.234722
31219,12.416667,75.418056
31219,14.2294,74.807696
31219,14.816667,75.166667
31219,12.5583,75.6611
31219,12.5583,75.6611
31219,12.5583,75.6611
31219,9.18056,77.0972
31219,14.31,74.34
31219,14.35,74.5
31219,10.153844,76.770272
31219,18.657,73.161
31219,19.642,73.232
31219,17.429,73.418
31219,16.401,73.732
31219,14.823,74.678
31219,13.461,74.957
31219,14.229,75.207
31219,12.908,75.249
31219,11.992,75.588
31219,11.445,75.909
31219,11.73,76.147
31219,10.576,76.302
31219,11.278,76.302
31219,10.85,76.551
31219,9.297,76.92
31219,9.018,76.95
31219,10.07,76.956
31219,14.75,74.816667
31219,14.583333,74.833333
31219,14.95,74.9
31219,14.566667,74.916667
31219,14.866667,74.916667
31219,13.766667,75.083333
31219,13.833333,75.116667
31219,14.116667,75.316667
31219,15.533333,75.333333
31219,12.75,76.016667
31219,13.083333,76.016667
31219,12.916667,76.1
31219,13.833333,76.6
31219,13.1417,75.0917
31219,8.79722,77.1194
31219,7.4,80.8
31219,13.125,75.1667
31219,12.825,75.575
31219,14.6917,74.375
31219,14.9917,74.6583
31219,8.95833,77.0667
31219,12.458334,75.641667
31219,14.2508,74.6656
31219,12.55,75.6667
31219,12.22408,75.562604
31219,13.14,74.75
36652,11.554,76.01
36652,11.54473333,76.02808889
36652,10.58307222,76.32134444
36652,10.60969444,76.33879444
36652,8.93339,77.17176
36652,8.90361389,77.17935
33642,11.02648,76.84284
33642,10.391456,77.56905
33642,10.2083,77.45
33642,10.2417,77.5167
33642,10.2667,77.5167
33642,11.18802,76.4553
33642,11.203086,76.45035
33642,10.16381,77.06326
33642,10.1736,77.0292
33642,10.13009,77.16572
33642,10.08639,77.06294
33642,10.16381,77.06326
33642,10.15929,77.02402
33642,10.14497,77.03503
33642,10.08639,77.17243
33642,10.181636,77.103319
33642,11.5051,76.134558
33642,10.1808,77.1931
33642,10.08507,77.07546
33642,10.16151,77.06142
33642,10.15417,77.07862
33642,10.05407,77.10775
33642,10.16151,77.06142
33642,10.09524,77.18539
33642,10.174267,77.023517
33642,10.173217,77.066167
33642,10.217577,77.075983
33642,10.233585,77.102992
33642,10.179908,77.190153
33642,10.137009,77.262408
33642,10.23,77.489998
117894243,14.14,74.96
117894243,8.505778,77.458552
117894243,10.348778,76.895241
117894243,10.312675,76.91016
117894243,10.354856,76.930115
117894243,10.397607,76.989666
117894243,10.265151,76.892026
117894243,10.350881,76.934518
117894243,10.34513,76.92361
117894243,10.35214,76.92698
117894243,10.32239,76.92987
117894243,10.33861,76.93481
117894243,10.33788,76.93581
117894243,10.39588,76.99121
117894243,8.531619,77.355428
117894243,8.54991,77.376565
117894243,8.528225,77.434588
117894243,8.525881,77.444858
117894243,8.524337,77.44528
117894243,8.525236,77.446594
117894243,8.532527,77.452555
117894243,8.91667,77.2667
117894243,8.932883,77.271463
117894243,9.59167,77.175
117894243,10.175,77.5167
117894243,10.2417,77.5167
117894243,10.2667,77.5167
117894243,13.200256,75.191717
117894243,14.061655,74.866333
117894243,12.55,75.6667
117894243,10.323591,76.951003
117894243,14.617094,74.842118
117894243,12.193639,75.633296
117894243,12.856806,75.694555
117894243,8.549498,77.385735
117894243,12.888151,75.687716
117894243,10.293195,76.902525
117894243,10.326973,76.955397
117894243,12.226045,75.645283
117894243,17.126086,73.859758
117894243,13.000517,75.568
117894243,10.351293,76.935993
117894243,10.258819,76.949788
117894243,10.347939,76.934036
117894243,10.288095,76.996495
117894243,27.172553,90.658973
117894243,12.922925,75.655721
117894243,12.679654,75.732409
117894243,12.190987,75.789284
117894243,10.32059,76.832147
117894243,10.320372,76.834036
117894243,10.214438,76.84834
117894243,10.351661,76.935678
117894243,10.345724,76.950488
117894243,12.918209,75.673173
117894243,12.189455,76.642543
117894243,10.294426,76.801646
117894243,10.333314,76.841682
117894243,10.319021,76.893174
117894243,10.370603,76.987367
117894243,10.399302,77.002688
117894243,10.365866,77.002995
117894243,21.97,100.45
117894243,10.358025,76.890285
117894243,10.347891,76.892543
117894243,10.322817,76.928891
117894243,10.347996,76.931715
117894243,10.369175,76.994109
117894243,27.5544,88.4517
117894243,8.497334,77.483477
117894243,8.632959,77.177732
117894243,9.455666,77.165222
117894243,12.337494,75.806908
117894243,8.81566,77.013268
117894243,8.70864,77.13147
117894243,10.357455,76.883507
117894243,10.323591,76.951004
117894243,11.88507,77.14257
117894243,12.224535,75.649574
117894243,8.9167,77.2833
117894243,18.783333,98.916667
117894243,18.144722,99.521667
117894243,18.333333,99.866667
117894243,19.0667,99.75
117894243,18.532117,98.546983
31199,10.29624,76.56894
31199,8.713769,77.03805
31199,12.82569,75.52954
31199,10.15779,76.7856
31199,9.416614,77.06488
31199,9.40358,77.02449
31199,9.407992,77.03381
38821,8.614253,77.24406
38821,8.6303,77.23956
38821,9.646814,77.35911
38821,8.6303,77.23956
38821,8.617592,77.24392
38821,9.583544,77.33303
38821,9.581589,77.33963
38821,9.643247,77.36098
38821,9.646814,77.35911
38821,9.690017,77.39763
38821,8.6303,77.23956
38821,9.684244,77.39924
38821,9.583544,77.33303
38821,8.617591,77.24389
38821,8.617592,77.24392
38821,8.614253,77.24406
38821,9.646814,77.35911
38821,9.547408,77.31473
38821,9.581589,77.33967
38821,9.520766,77.401711
38821,9.520766,77.401712
38821,9.690017,77.39763
38821,8.6303,77.23956
38821,9.643225,77.35013
38821,9.690017,77.39763
38821,9.639319,77.3603
38821,9.629172,77.37857
38821,9.690017,77.39763
38821,9.714989,77.40356
31170,10.994589,76.619106
31170,11.002308,76.621706
31170,10.991244,76.621747
31170,11.007072,76.628178
31170,11.003628,76.632819
31170,10.985683,76.638169
31170,10.995111,76.640439
31170,11.029231,76.672033
31170,11.032894,76.674231
31170,11.026042,76.674244
31170,11.023625,76.676433
31170,11.031472,76.678578
31170,11.0229,76.680081
31170,11.026783,76.681531
31170,11.032347,76.682575
31170,10.997694,76.687056
31170,11.008264,76.691067
31170,11.036497,76.691756
31170,10.993086,76.694667
31170,11.032839,76.694814
31170,11.037517,76.695608
31170,11.030581,76.695664
31170,11.0007,76.697828
31170,11.035361,76.698483
31170,11.016644,76.699367
31170,11.033639,76.700239
31170,11.007781,76.703247
31170,11.033375,76.703467
31170,11.013072,76.714011
31170,11.039006,76.722531
119048736,10.2417,77.5167
119048736,11.4,76.7
119048736,11.44599866,76.62191391
129335824,24.5,91.66667
129335824,24.92316086,91.87266365
129335824,24.91817915,92.65269295
31220,10.14379045,77.04231262
31220,10.04892242,77.42608305
31220,10.22836116,77.49009138
31220,10.23579414,77.49678617
31220,10.2327534,77.49764448
33497,11.81054303,92.70873536
33497,11.72449959,92.73070802
62565,9.80884157,77.02211759
62565,8.57362896,77.17170236
62565,9.44546716,77.18942261
62565,8.58109758,77.19367501
62565,8.61632545,77.24555969
62565,8.61617082,77.24845116
62565,8.61073961,77.25188439
62565,8.53065897,77.33509657
62565,8.30013018,77.35071345
62565,8.2756691,77.35346003
144052276,28.49034778,94.51858294
144053300,11.897635,92.7784993
144056383,26.49002631,93.9632106
145290519,12.99896828,75.43443828
145290519,17.9977027,82.45176301
145290519,18.10215924,83.02305208
145290519,27.20320088,88.55639622
145301615,27.60394173,93.46469078
145301728,25.54395215,90.93174255
145301728,25.55292169,91.87921922
145301965,28.27886176,95.6150163
145301965,24.21589778,96.23240231
145310645,28.166667,96.166667
145311979,27.93967188,96.2210485
145344026,28.47472727,94.74746704
145404323,25.52782889,91.57565508
145404323,25.51295727,91.69101152
31200,10.499,76.83038
31200,10.512,76.83211
31200,10.5,76.83439
32866,8.748125,77.12422
32866,8.884903,77.13301
32866,8.621894,77.21705
32866,8.878667,77.15864
32866,9.543086,77.48221
32866,11.5652,76.75024
32866,10.35383,76.72131
32866,8.723722,77.13755
32866,8.748125,77.12422
32866,8.621894,77.21705
150213910,28.54322006,83.69597734
150213910,28.31134146,83.89373124
150213910,28.66390518,84.45403398
150213910,28.16615989,85.66253007
150213910,26.81638892,87.44748153
150213910,27.66893407,88.3190918
150213910,26.86215499,90.27060269
150213910,24.89739953,92.76621164
150215092,25.297281,91.69992
150215092,16.871288,101.718669
150215092,25.3,91.7
150215092,25.3,91.7
150215092,25.583333,91.633333
150215092,27.46908653,90.32996416
150215092,22.35892338,93.34982048
150215092,21.7415804,98.62771137
152958245,19.333333,98.833333
152958245,19.416667,98.916667
152958245,28.36260217,95.89591724
153112765,27.740736,98.66582
153112765,29.32,95.33
153112765,28.7925377,94.91996944
153112765,28.91762756,94.93095576
153112765,29.25392543,95.19115599
153112765,27.89456504,98.30336199
153115088,11.20699265,76.43375963
153115088,11.22316038,76.58068301
153115088,8.92984371,76.64165497
153115088,10.84003523,76.66231871
153115088,9.68495456,76.88827185
153115088,9.98474277,77.24624634
153115088,9.98430177,77.24634863
153115088,10.23579414,77.49730115
153116010,26.73339424,89.24985879
153116010,25.68366122,91.40867227
153116010,27.00271284,95.53710938
153116061,28.41103244,95.90627492
155993997,1.5,102.25
155993997,1.592893,99.187895
155993997,1.687554,98.993356
155993997,1.761589,99.252214
155993997,-0.6,100.15
155993997,2.21744003,102.205342
155993997,2.05275957,103.5072219
157146680,11.70772927,92.69174409
157146680,12.6268163,92.94359914
157146680,11.8976968,92.77785557
157150683,28.13012774,85.53955078
157150683,27.45667592,86.05419164
157150683,27.38841304,86.23546605
157150683,27.63300062,87.14929247
157150683,27.71083842,87.85241747
157150683,27.59406093,88.37976122
158847184,11.76432133,92.7224604
158847184,14.11587606,93.37129618
159051467,25.59077248,91.76159379
159051467,26.42017662,93.62926958
159074166,12.63504018,92.82182475
159079094,11.5829209,92.65670653
159079094,11.62476644,92.67334042
159079094,11.62476644,92.67746029
159079733,28.12673258,95.25480089
159080036,26.58129775,89.01677164
159080036,26.60094622,89.03325113
159080601,27.17863197,88.5280359
159080601,26.13645436,90.01885053
159080601,26.16110913,91.76018354
159103471,11.62222006,92.66865787
159103471,13.15705049,93.00624128
159104035,10.52825,76.71933
159104035,10.33182,76.8467
159104035,11.19783219,76.42249862
159104035,11.07228752,76.57035539
159104035,11.31669214,76.59357261
159104035,11.31862785,76.5940876
159104035,10.83909107,76.66739988
159104035,10.98243641,76.69255123
159104035,11.40105201,76.73604502
159104035,11.05282908,76.81488705
159104035,11.41625497,76.86475819
159104035,10.30076003,76.99976826
159104035,8.72326066,77.74125082
159121187,26.35564594,93.44178762
33608,8.838889,77.180556
33608,8.838889,77.180556
33608,10.381944,76.760101
33608,10.28,76.43
33608,10.5,76.5
33608,9.5,76.83
33608,10.354983,76.635067
33608,10.344983,76.621066
169056310,10.298994,76.892244
169056310,10.252168,76.940389
169056310,10.39863,76.9876
169056310,8.546982,77.388388
169056310,8.531125,77.436232
169056310,8.538889,77.455556
169056310,8.441667,77.475
169056310,8.523887,77.444183
169056310,9.59167,77.175
169056310,8.441667,77.475
169056310,10.137876,77.059479
169056310,10.347891,76.892543
169056310,10.369175,76.994109
169056310,10.3,77.0
169056310,8.7,77.383333
169056310,11.61179042,76.10799181
169056377,8.698352,77.275822
169056377,8.504928,77.466446
169056377,8.689,77.297356
169056377,8.680019,77.345886
169056377,8.683064,77.346542
169056377,8.682406,77.344031
169056981,15.14726,74.502458
169056981,10.450833,76.496389
169056981,8.297222,77.508333
169056981,12.55,75.661
169056981,13.502664,75.080702
169056981,14.991053,74.10268
169056981,15.14687,74.504813
169056981,10.30283,76.60445
169056981,8.920339,77.096078
169056981,8.914383,77.170681
169056981,10.384592,76.646631
169056981,11.600242,76.113286
169056981,10.30431,76.60603
31169,12.45900136,75.71607644
33018,11.107325,76.403264
33018,11.136597,76.406806
33018,11.083,76.4667
33018,8.900033,76.57057
33018,11.09595,76.76811
33018,9.268097,76.93797
33018,8.600953,77.508219
33018,8.578028,77.517519
33022,8.858274,77.222042
33022,12.938583,75.403372
33022,13.917611,75.450281
33022,12.224222,75.454603
33022,12.051164,75.783619
33022,11.587658,75.894289
33022,11.303414,76.250875
33022,11.438622,76.392533
33022,10.779144,76.398492
33022,11.136597,76.406806
33022,9.37625,76.985697
33022,8.913092,77.058697
33022,8.577283,77.102233
33022,8.757642,77.111189
33022,8.619797,77.132847
33022,8.955444,77.149789
33022,8.661222,77.150122
33022,8.913342,77.190083
33022,8.884586,77.198386
33022,8.869456,77.20945
33022,8.621542,77.220333
33023,8.667,77.283
33023,8.684186,77.306544
33023,8.685886,77.309
33023,8.667,77.33
33023,8.680578,77.345944
33023,8.60910522,77.21969653
169578317,12.5372,75.6625
169578317,11.1167,76.425
169578317,8.532045,77.453334
169578317,12.5583,75.6611
169578317,12.5583,75.6611
169578317,9.41389,77.0542
169578317,9.1875,77.1556
169578317,10.42366,76.88481
169578317,10.35745,76.8891
169578317,10.35608,76.89021
169578317,10.35665,76.89035
169578317,10.35707,76.89149
169578317,10.35767,76.89254
169578317,10.35953,76.89256
169578317,10.36013,76.89358
169578317,10.35006,76.8976
169578317,13.4917,75.075
169578317,13.458334,75.091667
169578317,10.3,76.7083
169578317,13.5083,75.0917
169578317,12.458334,75.641667
169578317,12.55,75.6667
169578317,9.19028,77.0347
169578317,9.1875,77.1556
169578317,12.55,75.6667
169578317,10.359086,76.888669
169578317,10.361912,76.927792
169578317,10.358025,76.890285
169578317,10.347891,76.892543
169578317,11.835275,75.839096
169578317,11.835634,75.8563
169578317,10.357455,76.883507
172580995,23.531078,99.411861
172580995,23.125462,104.702829
172580995,22.01071,100.799775
172580995,21.475834,101.56752
172580995,23.146851,99.246047
172580995,21.475834,101.56752
172580995,21.475834,101.56752
172580995,25.52975915,91.72184727
172580995,14.29352912,108.043971
172587745,25.45,90.33333
172738069,13.15771493,93.00593015
172738069,13.16280057,93.01081177
31185,11.928232,77.2125
31185,9.111647,76.874194
31185,12.730475,75.658867
31185,8.754167,77.117642
31185,8.617633,77.137958
31185,8.68055,77.167028
31185,8.711169,77.144956
31185,8.682125,77.176253
31185,11.540197,76.062117
175597058,19.416667,98.3
175597058,25.57,91.93
175597058,19.416667,98.3
175615495,20.251333,105.713833
175615495,18.524513,98.515553
175615495,18.52464,98.515665
175615495,18.524637,98.515696
175615495,18.524558,98.515768
175615495,20.3,99.833333
175615495,25.47426298,91.50551319
175615495,25.44563085,92.33802794
175615495,21.9328434,95.99497318
175615495,26.11923255,97.32719703
175615495,22.19858348,100.7963566
31275,28.484125,83.882611
31275,27.190078,90.543084
31275,18.252013,109.504134
31275,22.98,103.68
31275,22.983563,103.687613
31275,18.516726,110.029085
31275,18.5,110.03
31275,23.160603,106.288701
31275,23.763342,98.82524
31275,22.983563,103.687613
31275,23.45,104.67
31275,23.437468,104.672252
31275,24.05,105.07
31275,23.63,105.62
31275,23.625319,105.630906
31275,23.45,104.67
31275,23.45,104.67
31275,23.437468,104.672252
31275,22.98,103.68
31275,22.983563,103.687613
31275,22.845607,110.62108
31275,23.45,104.67
31275,22.391288,106.817838
31275,23.45,104.67
31275,22.391288,106.817838
31275,22.010889,100.79926
31275,21.48,101.57
31275,23.45,104.67
31275,18.831611,98.888
31275,18.833333,98.833333
31275,18.831611,98.888
31275,28.148333,85.384444
31275,18.583333,98.833333
31275,20.475,105.08777
31275,28.15,85.39
31275,27.03061959,88.29801579
31275,27.37727499,88.32230974
31275,26.50381681,93.25351946
31275,22.30709583,93.5146154
31275,25.10724576,94.099596
31275,27.17059965,94.20320289
31275,21.91908466,95.90691089
31275,28.148333,85.384444
31275,28.44760047,83.791008
31275,28.26152453,85.60750719
31275,27.33556101,90.58404563
31275,25.5862657,91.60366058
31275,25.57791943,91.60383404
31275,25.57544199,91.60434902
31275,25.58055166,91.60555065
31275,25.57606136,91.6070956
31275,25.57342904,91.60795391
31275,25.5790033,91.60812557
31275,25.58179033,91.60864056
31275,25.58256449,91.60984219
31275,25.57668072,91.61035717
31275,25.57280966,91.61190212
31275,25.57730008,91.61207378
31275,25.58349349,91.61224544
31275,25.57946781,91.61276043
31275,25.58442247,91.61567867
31275,25.57280966,91.61636532
31275,25.58055166,91.61636532
31275,25.58364832,91.61653698
31275,25.57482263,91.61722362
31275,25.57606136,91.61739529
31275,25.57730008,91.61739529
31275,25.58225483,91.61791027
31275,25.4148169,91.69863218
31275,25.41504947,91.69940465
31275,25.41543709,91.69996255
31275,25.41628985,91.70043462
31275,25.41636738,91.70112127
31275,21.77036138,100.8864002
31275,21.53550655,101.012743
176680211,25.3,91.7
176680211,25.43860855,91.08522137
176680211,25.59228824,91.10444744
176680211,25.64429637,91.12367351
176680211,25.64677238,91.13191326
176680211,25.36169504,91.17311199
176680211,25.59228824,91.20057781
176680211,25.47828666,91.20661623
176680211,25.5253874,91.22034914
176680211,25.59228824,91.27473553
176680211,25.65172426,91.30769451
176680211,25.7037065,91.324174
176680211,25.31949586,91.41206463
176680211,25.26486333,91.45600994
176680211,25.29963234,91.51643474
176680211,25.5873339,91.57411297
176680211,25.23763816,91.58993608
176680211,25.64429637,91.59059246
176680211,25.26744746,91.59680254
176680211,25.27676136,91.59748918
176680211,25.22645779,91.59817583
176680211,25.28421197,91.60057909
176680211,25.59228824,91.60157879
176680211,25.29755984,91.60881883
176680211,25.25327699,91.61262436
176680211,25.27345857,91.61296768
176680211,25.21900364,91.61362535
176680211,25.31711336,91.61568529
176680211,25.28680762,91.61846085
176680211,25.23619765,91.61914749
176680211,25.27489864,91.62632829
176680211,25.21682942,91.62804491
176680211,25.24819646,91.6294182
176680211,25.289291,91.63356705
176680211,25.2365082,91.63391037
176680211,25.31990646,91.64040453
176680211,25.27532132,91.64215012
176680211,25.21651882,91.64624101
176680211,25.24012255,91.64624101
176680211,25.58981109,91.65101726
176680211,25.2329798,91.65791399
176680211,25.30780255,91.65894396
176680211,25.24085589,91.6600029
176680211,25.24043309,91.66066057
176680211,25.69133183,91.67024334
176680211,25.2515275,91.67163849
176680211,25.24085589,91.67373581
176680211,25.20564714,91.67782671
176680211,25.25378577,91.67817003
176680211,25.22055662,91.68812639
176680211,25.23619765,91.69193192
176680211,25.53282267,91.69276125
176680211,25.23216036,91.70120163
176680211,25.25700307,91.71527786
176680211,25.2535875,91.71630783
176680211,25.26228149,91.71802444
176680211,25.28742847,91.71836777
176680211,25.21197192,91.71939774
176680211,25.28121982,91.71939774
176680211,25.24861923,91.71974106
176680211,25.19353183,91.72005541
176680211,25.27035393,91.72145767
176680211,25.29208474,91.72248764
176680211,25.27718403,91.72283096
176680211,25.28121982,91.72283096
176680211,25.19353183,91.72657854
176680211,25.24427182,91.72660751
176680211,25.30791474,91.73381729
176680211,25.28991184,91.73759384
176680211,25.20979758,91.73828049
176680211,25.30108637,91.73862381
176680211,25.30977696,91.7399971
176680211,25.23402374,91.74652023
176680211,25.27687358,91.75235672
176680211,25.21321438,91.75373001
176680211,25.23247093,91.75544662
176680211,25.37203254,91.76400072
176680211,25.35310841,91.76537401
176680211,25.27594222,91.76677628
176680211,25.25886607,91.77055283
176680211,25.19353183,91.77155382
176680211,25.24489289,91.77158279
176680211,25.38537072,91.77189714
176680211,25.28638498,91.7743004
176680211,25.31556161,91.77773363
176680211,25.32952665,91.77979356
176680211,25.41049213,91.78666002
176680211,25.29135171,91.78837663
176680211,25.34659285,91.78837663
176680211,25.31245804,91.79112322
176680211,25.27055217,91.79146654
176680211,25.22863183,91.80622942
176680211,25.3894029,91.80794603
176680211,25.29724944,91.81378252
176680211,25.2609273,91.81584245
176680211,25.32120273,91.84845812
176680211,25.36179526,91.85257799
176680211,25.50803664,91.87074383
176680211,25.36665868,91.95368654
176680211,25.27231467,91.95643312
176680211,25.39891738,91.9668742
176680211,25.56999211,92.01411134
176680211,25.40139846,92.04157716
176680211,25.57246966,92.1042033
176680211,25.65420012,92.10694988
176680211,25.56255914,92.12397463
176680211,25.50803664,92.16242677
176680211,25.41132227,92.22559816
176680211,25.51051548,92.26130373
176680211,25.45844924,92.26405031
176680211,25.21517605,92.26679689
176680211,25.22759977,92.31623537
176680211,25.26983094,92.33820802
176680211,28.12435973,94.73130901
176856760,24.61705734,90.70476183
176856760,26.50007292,91.53972277
176856760,22.61401087,94.73674425
176856760,17.87420344,100.4935802
176856760,24.81306317,92.30711825
176856760,20.84767063,95.36025755
176856760,14.04879117,98.08782584
176856760,24.94063513,91.90243812
176856760,23.17897604,92.83161669
176856760,25.2510812,90.87158914
176856760,25.19620425,90.63216448
176856760,29.50337939,78.76683442
176856760,29.17660464,80.14832947
176856760,29.14928516,80.18073055
176856760,25.37861714,92.14319228
176856760,23.85027179,92.63167616
176857958,25.77042033,90.27962518
176857958,25.53025699,90.29885125
176857958,25.56247185,90.38948846
176857958,25.47571981,90.44167352
176857958,25.84954323,90.69985223
176857958,25.29985525,90.72491479
176857958,25.51259709,90.72628808
176857958,25.24210851,90.74826074
176857958,25.34516408,90.77229333
176857958,25.30420067,90.77297998
176857958,25.29054312,90.79289269
176857958,25.33430392,90.80422235
176857958,25.30606294,90.84370446
176857958,25.3941778,90.8533175
176857958,25.27812583,90.89726281
176857958,25.25452948,90.91648889
176857958,25.23713976,90.93434167
176857958,25.27688403,90.95082116
176857958,25.25018228,90.95631433
176857958,25.34175099,91.15029168
176857958,25.31537388,91.18702722
176857958,25.47618472,91.22966859
176857958,25.28123027,91.24401879
176857958,25.28805976,91.28727746
176857958,25.3209601,91.31542993
176857958,25.35074892,91.31611657
176857958,25.23962416,91.3422091
176857958,25.25701352,91.35800195
176857958,25.24956124,91.37928796
176857958,25.47618472,91.39446351
176857958,25.36207296,91.42742249
176857958,25.20545924,91.44451928
176857958,25.25872127,91.44699189
176857958,25.30109681,91.47610498
176857958,25.25810027,91.48269746
176857958,25.26819108,91.50288415
176857958,25.21042928,91.50563073
176857958,25.29550968,91.50631738
176857958,25.24195324,91.52183625
176857958,25.39293719,91.52691674
176857958,25.21027397,91.53144929
176857958,25.27315856,91.53446984
176857958,25.27874672,91.54751611
176857958,25.29426806,91.55850244
176857958,25.3152187,91.55960175
176857958,25.21229299,91.55987573
176857958,25.24086634,91.57360864
176857958,25.27564222,91.58940148
176857958,25.25887652,91.59489465
176857958,25.23776087,91.61480737
176857958,25.33011474,91.62002656
176857958,25.27331379,91.63145852
176857958,25.24956124,91.63266015
176857958,25.26446534,91.63746667
176857958,25.28200637,91.64072824
176857958,25.24583493,91.64570642
176857958,25.22968626,91.65325952
176857958,25.34190613,91.65435883
176857958,25.30295913,91.6560061
176857958,25.23450003,91.66441751
176857958,25.25002702,91.66476083
176857958,25.2643101,91.67231393
176857958,25.25328744,91.69171166
176857958,25.26446534,91.69514489
176857958,25.26136047,91.72123742
176857958,25.29675129,91.73428369
176857958,25.28619721,91.73565698
176857958,25.30730444,91.73771691
176857958,25.27176148,91.756428
176857958,25.23605282,91.76432443
176857958,25.27952284,91.80037332
176857958,25.23263666,91.80208993
176857958,25.36626103,91.83247399
176857958,25.35261048,91.83522058
176857958,25.26368913,91.84593293
176857958,25.33895839,91.84758019
176857958,25.29814808,91.87487435
176857958,25.24350593,91.87762094
176857958,25.25716877,91.87796426
176857958,25.21974756,91.89152551
176857958,25.20918679,91.89358544
176857958,25.21105052,91.90731835
176857958,25.24102161,91.92568612
176857958,25.42611908,91.93581414
176857958,25.20468265,91.96825814
176857958,25.38890513,91.97151971
176857958,25.25390846,91.97941613
176857958,25.26384438,91.99108911
176857958,25.27983328,91.99400735
176857958,25.29380245,92.01357675
176857958,25.31025295,92.04069924
176857958,25.13710064,92.26162744
176857958,25.15326158,92.26574731
176857958,25.13150597,92.28154016
176857958,25.16693456,92.28840661
176857958,25.13647902,92.30900598
176857958,25.24567967,92.31020761
176857958,25.16444868,92.32205224
176857958,25.10663766,92.32479882
176857958,25.19738249,92.32617211
176857958,25.50454083,92.35569787
176857958,25.12218094,92.40788293
176857958,25.15015388,92.41543603
176857958,25.26632823,92.41680932
176857958,25.24335066,92.42436242
176857958,25.20732303,92.42642236
176857958,25.1283977,92.42779565
176857958,25.19365458,92.44015527
176857958,25.23651865,92.46212792
177944137,27.0184071,95.57281498
177944137,27.01866266,95.57398161
177944137,27.05953675,95.60908836
177944393,25.52561205,90.19766808
177944393,25.4995042,90.33196001
177944393,25.59026955,91.63470659
177944393,25.57788312,91.65118608
177944393,25.86063974,91.83472986
177944393,25.67692932,91.92513949
177944393,23.28668653,92.86449954
177944393,26.12890171,92.86707439
177944393,26.17455478,93.47253418
177944393,25.99802512,95.00549316
177962982,15.144385,73.957364
177962982,15.142938,74.134374
177962982,14.947504,74.087831
177962982,15.142938,74.134374
177962982,15.142938,74.134374
179054974,22.5,92.25
179054974,25.45,90.33333
179054974,25.583333,91.633333
179054974,25.3,91.7
179054974,25.583333,91.633333
179054974,22.333333,91.8
179207814,7.066667,80.75
179207814,8.9167,77.2833
179207814,6.383333,80.416667
179207814,6.433333,80.65
179207814,6.62539075,80.34507754
179207814,6.383333,80.416667
179207814,6.68733259,80.61999983
179207814,6.433333,80.65
179207814,6.66702645,80.66826763
179207814,7.47201016,80.72268248
179207814,7.06667,80.75
179207814,7.37240826,80.84104583
176848640,6.38333,80.6667
176848640,6.91667,80.4833
176848640,6.92,80.48
176848640,7.366667,80.833333
176848640,6.44431112,80.58359434
176848640,6.8,80.5
176848640,8.93404446,77.27805315
184539455,27.08769989,88.43260193
184539455,27.50440025,88.49620056
184539455,27.32690048,91.56240082
184539455,27.25060081,92.81159973
184539455,29.35230064,95.30590057
187022603,26.12262,90.62802
187022663,16.510831,73.890289
187022663,15.90191,74.03437
187022663,15.70006,74.21921
187022663,15.69153,74.3655
187024265,13.07669,93.00917
187024265,13.15174,93.00757
187024265,13.15454,93.00682
187025460,11.47405,92.60525
186301014,27.80150032,95.99269867
191546628,18.246941,73.682302
191546628,16.54169508,73.82315977
191546628,17.93,73.55
191546628,17.915347,73.624811
191546628,17.91528,73.624797
191546628,17.915908,73.625149
191546628,17.941514,73.707973
191546628,18.619643,73.384824
191546628,18.619643,73.384824
191546628,17.940128,73.634189
191546628,18.232796,73.450178
191546628,18.078092,73.427082
191547129,19.92,73.57
191547129,17.941514,73.707973
191547129,18.707588,73.476966
191547129,17.66713379,73.80993862
191547129,18.707588,73.476966
191547129,18.2769367,73.6219158
191547129,19.3863889,73.7780556
191547129,17.93223836,73.65023872
191547129,17.939657,73.707831
191547129,13.412168,75.769836
191547129,17.722701,73.837199
191547129,18.276466,73.62177
191547129,19.598809,73.715031
191547129,19.069456,73.537551
191547570,8.621656,77.221567
191681904,15.964716,74.003571
191681904,15.7898851,73.9586651
191681904,15.9647156,74.0035709
191681904,15.9022722,74.0351532
191681904,15.9278345,74.01918392
191681904,15.8586539,74.04246509
191681904,15.7898851,73.9586651
191681904,15.92356756,74.02468209
191681904,14.66757547,74.29612298
191681904,15.69941331,74.23073934
191681904,21.05687441,70.76516239
191681904,15.92356756,74.02468209
191681904,21.81990815,72.10142752
191681904,21.426551,73.392973
191681904,21.86573,73.494887
191681904,22.71990112,73.68961626
191681904,14.70601,74.2880243
191681904,20.532268,73.178321
191681904,20.42833875,73.31992935
31187,8.8625,77.1722
31187,10.15929,77.02402
31187,10.16151,77.06142
31187,8.69722,77.1722
31187,8.37361,77.2417
31187,9.595,77.29486
31187,11.846731,75.842039
31187,9.616275,76.812664
31187,9.800436,76.884439
31187,9.79805,76.884725
31187,9.477703,77.261572
33645,9.011643,77.120098
33645,8.73954154,77.12348488
33645,8.73960123,77.12343833
33647,12.596304,75.606609
33647,12.549118,75.686874
33647,12.855755,75.638727
33647,12.873392,75.646362
33647,12.932362,75.656198
33647,11.835275,75.839096
33647,11.96069444,75.83027778
33647,11.58344444,75.86861111
33647,11.4339,76.38666667
33647,10.32444444,76.75833333
33647,8.74009167,77.11972222
33647,12.7306,75.66393
33647,10.51302,76.36313
33647,10.51306,76.36317
33647,9.460342,76.95688
33647,11.74682,75.85312
33647,11.5402,76.06212
33647,9.4278,76.59827
33647,12.117169,75.790141
33647,12.1144,75.7904
33647,10.5781,76.3316
33647,9.4278,77.0753
33647,10.33096,76.5907
33647,10.28235,76.67274
38758,10.30254722,76.60394722
38758,10.167,76.817
38758,10.2,76.817
38758,9.333,76.833
38758,10.15,76.9
38758,10.29950712,76.58175897
38758,8.92163586,77.16249704
38758,8.93282827,77.16970682
201030934,12.918342,75.673173
201030934,8.69722,77.1083
201030934,12.5583,75.6583
201030934,12.580756,75.538703
201030934,12.5583,75.6611
201030934,12.5583,75.6611
201030934,12.5583,75.6611
201030934,11.4778,75.6611
201030934,12.5583,75.6611
201030934,11.4778,76.2222
201030934,12.5583,76.2222
201030934,12.8083,75.625
201030934,12.475,75.641667
201030934,12.575,75.625
201030934,12.5583,75.6417
201030934,12.851109,75.681723
201030934,11.97249,75.917149
201030934,11.922379,75.792458
201030934,12.888151,75.687716
201030934,13.036563,75.390318
201030934,13.000517,75.568
201030934,12.91821,75.673173
201030934,12.918215,75.673173
201030934,12.918276,75.673173
201030934,12.918342,75.673173
201030934,12.918209,75.673173
201030934,12.91821,75.673173
201030934,12.918276,75.673173
201030934,13.604825,75.100556
201030934,12.913893,75.657417
201030934,12.918209,75.673173
201030934,13.73008,75.019618
201030934,13.73008,75.019618
201030934,11.853148,75.74663
201030934,11.853148,75.74663
201030934,11.835634,75.8563
201030934,13.502663,75.090315
201030934,12.668784,75.607971
201030934,12.131809,75.732025
201030934,12.837368,75.672974
201030934,12.22408,75.562604
201031081,9.333514,77.22329
202483877,11.847959,93.013983
202483877,9.166667,92.816667
202483877,9.2,92.75
202483877,9.2,92.75
202483877,9.166667,92.816667
202483996,10.64480894,92.53682899
202483996,10.76807483,92.57003821
202483996,24.77178578,92.78444767
202483996,4.8577761,100.7958513
202483996,3.63104415,102.7504112
202484066,22.40407799,91.78999867
202484066,19.81433319,93.77315725
202484066,24.40823214,94.05706643
202532388,22.45529731,89.02287607
202532388,26.16170792,90.62933287
202532388,22.32597362,91.81691518
202532388,22.31716623,92.14817178
202532388,22.20751074,92.21553903
202532388,20.90352245,92.23393175
202532388,12.08542221,99.01362558
202536352,26.13057331,94.28889308
202536352,26.95582971,95.13736147
202536352,27.27988545,95.69735942
202732050,12.5,92.9
202732050,11.58986831,92.63508983
202732050,13.2829666,92.99955076
202732050,16.53157735,97.60338028
206837366,11.66988883,92.74735451
206837366,13.1577818,93.00597306
208974595,13.381353,77.658257
208974595,13.914869,78.489143
208974595,13.41809,77.68296
208974595,15.819783,78.032032
208974595,12.50974,76.99774
208974595,9.413302,76.348661
208974595,12.46608,78.82394
208974595,14.22819,78.18073
208974595,10.273517,76.138036
210014331,10.589222,76.604006
210014331,10.589483,76.603889
210014331,10.589392,76.604456
30891,6.383333,80.416667
30891,6.383333,80.416667
30891,6.383333,80.416667
30891,11.059272,76.427972
30891,12.404817,75.740114
30891,11.462611,76.095633
30891,8.708997,77.259961
30891,11.050328,76.417306
30891,10.16547786,77.14676124
38036,15.95822,73.99866
38036,14.2557,74.79361
38036,12.4729,75.02617
38036,13.51377,75.08199
38036,12.549,75.16196
38036,12.09924,75.18598
38036,12.10013,75.20332
38036,12.0346,75.25395
38036,12.03368,75.25496
38036,11.98593,75.36462
38036,12.05242,75.48347
38036,12.38894,75.52453
38036,11.70531,75.54576
38036,12.73435,75.80548
38036,13.37461,75.81058
38036,11.19928,75.81328
38036,11.5957,75.82635
38036,11.83858,75.84348
38036,11.29923,75.87299
38036,11.77039,75.88835
38036,11.26976,75.94145
38036,11.78453,76.00194
38036,11.54155,76.02634
38036,10.46947,76.07911
38036,10.27766,76.16765
38036,11.46021,76.19959
38036,9.412678,76.34844
38036,9.618239,76.38601
38036,9.614753,76.42979
38036,11.20309,76.45035
38036,9.062861,76.50172
38036,9.094397,76.53317
38036,9.112897,76.53447
38036,9.053111,76.55351
38036,9.114922,76.55846
38036,9.097015,76.55907
38036,9.097041,76.5594
38036,9.097075,76.55948
38036,11.42875,76.55964
38036,9.710878,76.68414
38036,8.927961,76.71046
38036,9.187794,76.76747
38036,8.492175,76.95277
38036,8.7227,77.02717
38036,8.870428,77.12696
38036,8.68056,77.16702
38036,8.68055,77.16703
38036,8.824081,77.21843
38036,8.602081,77.23445
38036,10.94586,79.03231
38036,6.701842,80.15394
38036,7.269661,80.59381
38036,7.873053,80.7718
210010463,14.59459,78.95721
210010463,11.43986,76.67319
210010463,11.4322,76.69872
210010463,11.20309,76.45035
210010463,11.22261,76.60352
210010463,8.812219,77.21896
210010463,8.815256,77.21893
210010463,8.815256,77.21897
210010463,11.42889,76.12947
210010463,8.671981,77.18391
210010463,11.83855,75.8424
210010463,11.3723,76.5152
210010463,6.909183,80.80671
210010463,11.49212,76.11456
210010463,11.28980542,76.58101417
210010463,14.51196564,74.36690619
210013452,11.098004,76.747002
210013452,10.377718,76.899652
210013452,13.54691,75.74907
210013452,8.73333,77.06666
210013452,9.608519,77.06984
210013452,10.35731,76.81631
210013452,10.34171,76.82977
210013452,8.683028,77.18955
210013452,11.83855,75.8424
210013452,11.5175,76.03618
210013452,11.55092,76.04628
210013452,10.28834,76.85114
210013452,11.31478,78.34817
210013452,16.547339,73.748425
210013452,13.217167,79.100328
210013545,12.114667,109.003333
210013545,10.608944,92.48306
210013545,7.048536,80.35712
210013545,9.421111,76.93333
210013545,9.424778,77.00077
210013545,20.283333,105.666667
210013545,20.241333,105.6875
210013545,10.41868,76.60069
210013545,10.44301,76.74857
210013545,20.746944,104.914722
210013545,20.464444,105.305
210013545,21.848889,105.986667
210013545,10.30828,76.60869
210013545,15.18667,79.25417
210013949,10.51581,76.37017
210013949,11.31172,76.47179
210013949,10.29853,76.58502
210013949,12.5061,76.6925
210013949,10.49697,76.817
210013949,13.55889,77.13778
210013949,10.31968,77.21733
210013949,12.92167,77.29778
210013949,11.77887,78.19581
210013949,13.19957,79.10488
211716588,17.14018963,95.15166956
211716588,21.91812914,95.94278812
211716588,17.29623193,96.47063609
211716588,17.58141277,97.12611574
211716588,16.28171141,97.54615874
213352738,1.75,98.8
213352738,12.45709721,92.79153095
213352738,2.6340456,96.05055663
213352738,-0.89660762,100.5709803
213352738,-0.22949552,100.6329246
213352738,-3.7576794,102.3068704
213352738,-4.9233333,104.1186453
213352738,-4.94731906,104.9634741
213352738,-6.7394444,105.2551873
200533196,19.0667,99.75
200533196,19.433333,99.566667
200533196,25.22162684,86.31855504
200533196,14.08209413,98.19545752
200533196,18.81887666,98.9399272
200533196,12.41167121,105.1271488
200533196,11.43425652,106.0668141
200533196,10.94388179,106.8578297
220761693,12.35889,92.85306
220761693,7.95,93.366667
220761693,9.2,92.75
220761693,11.61416292,92.61625817
220761693,11.65738519,92.65112475
220761693,11.76747036,92.72062828
220761693,26.1941777,97.1951473
222291660,8.6168,77.2618
222291660,8.6277,77.23473
222291660,8.6272,77.23479
222291660,8.672517,77.18453
222291660,8.824081,77.21843
222291660,8.672518,77.18455
222291660,8.830147,77.21438
222291715,8.708997,77.25996
222291715,8.587364,77.26744
222291715,8.588169,77.27224
222292291,8.767555,77.10961
224100285,21.96638489,91.90933526
224100285,11.6182039,92.72493492
224100285,13.4474764,94.2635894
224100285,12.08531728,99.01290894
224088253,27.98441597,95.07120541
224088253,16.07576428,97.65817063
224088253,14.04660707,99.31741558
224071357,24.87238283,91.83476078
224071357,21.91940317,95.94347477
224071357,26.11528648,97.1951473
224071357,24.85074338,97.90269163
224106293,24.31290034,91.72547345
224106293,22.2961173,91.82227101
224106293,24.28086577,91.88812502
224106293,22.52196543,91.98901434
224106293,12.08531728,99.01290894
224109482,27.7431,98.347
224109482,27.7431,98.3469
224109482,26.2,92.94
224109482,25.74177546,91.65530596
224109482,28.87504267,97.83977509
224101293,25.60315008,91.63607988
224101293,23.1666667,92.8031209
224101293,26.98744464,94.64290527
224101293,17.07718864,95.16265589
224101293,21.91876616,95.94416141
224101293,12.08531728,99.01290894
224085585,19.29792602,96.72597149
224085585,18.85134338,97.18885068
224071631,24.48672214,90.05415085
224071631,25.57689214,91.62852678
224071631,22.3017079,91.85042348
224071631,26.44048501,92.97731737
224071631,12.08531728,99.01290894
224101709,23.75452803,91.47956315
224101709,17.29649417,96.47046443
224101709,16.39557208,97.51136705
225970375,9.059651,76.565535
225970375,9.059658,76.565537
226499453,8.695075,77.15989167
226499453,10.41983333,76.70947222
226499453,10.37066107,76.91770694
226499453,12.077554,75.728714
226499453,12.101283,75.772998
226499453,12.10121,75.773217
37314,10.4667,76.85
37314,11.1167,76.425
37314,8.441667,77.475
37314,12.475,75.675
37314,12.5583,75.6611
37314,12.5583,75.6611
37314,12.5583,75.6611
37314,6.38333,80.66667
37314,8.81667,77.2056
37314,8.64583,77.2722
37314,10.45,76.8333
37314,9.59167,77.175
37314,8.725,77.2417
37314,9.64028,77.3667
37314,11.8,76.0083
37314,13.725,74.9917
37314,13.4917,75.075
37314,15.4083,74.2833
37314,15.425,74.2917
37314,15.5417,74.3083
37314,11.8917,77.175
37314,12.757,75.591667
37314,12.458334,75.641667
37314,14.2739,74.7489
37314,11.3208,78.3589
37314,12.55,75.6667
37314,13.595117,75.011395
37314,15.474969,74.080601
37314,16.928721,73.796388
37314,8.497334,77.483477
37314,17.498085,73.18454
37314,12.22408,75.562604
37314,7.25,80.6
37314,8.73333,77.06666
228007161,11.339687,76.806884
228007161,12.769139,78.221861
228007161,13.984866,79.449662
228007161,17.273797,77.942542
228007161,12.348334,79.403784
228007388,19.398774,73.7794372
228007388,19.384668,73.771017
228007388,19.385802,73.779601
33007,12.10000038,99.01667023
33007,12.10000038,99.01667023
33007,10.94999981,106.8166656
33007,8.6833334,106.6166687
33007,10.96666622,106.6500015
33007,10.5,107.1666641
33007,11.30000019,106.0999985
33007,10.75,106.6666641
33007,10.5,107.1666641
33007,10.94999981,106.8166656
33007,10.5,107.1666641
33007,11.30000019,106.0999985
33007,10.96666622,106.6500015
33007,10.5,107.1666641
33007,10.69999981,105.1166687
33007,10.5,107.1666641
33007,10.19999981,104.0
33007,10.94999981,106.8166656
33007,12.5,92.75
33007,14.08333302,98.5
33007,12.5,92.75
33007,14.96666622,102.1166687
33007,15.71666622,100.1500015
33007,17.64999962,95.80000305
33007,16.78333282,96.16666412
33007,18.78333282,98.98332977
33007,16.46666718,99.5
33007,12.69999981,104.9000015
33007,12.25,109.0999985
33007,12.5,92.75
33007,17.13333321,96.26667023
33007,17.33333397,96.48332977
33007,13.16666698,100.9333344
33007,12.5,92.75
33007,13.16666698,100.9333344
33007,12.53333378,103.9166641
33007,10.75,106.6666641
33007,10.94999981,106.8166656
33007,11.5666666,108.9833298
33007,12.5,92.75
33007,12.10000038,99.01667023
33007,12.5,92.75
33007,12.10000038,99.01667023
33007,13.36666679,103.8499985
33007,13.36666679,103.8499985
33007,10.94999981,106.8166656
33007,10.5,107.1666641
33007,10.96666622,107.3499985
33007,13.16666698,100.9333344
33007,12.69999981,104.9000015
33007,9.13333321,99.31666565
33007,13.75,100.5166702
33007,16.46666718,99.5
33007,13.16666698,100.9333344
33007,12.60000038,102.1500015
33007,10.75,106.7666702
33007,13.75,100.5166702
33007,16.54999924,104.75
33007,14.66666698,98.8666687
33007,10.10000038,99.83333588
33007,9.03333378,98.91666412
33007,10.85000038,99.43333435
33007,11.19999981,99.51667023
33007,13.16666698,100.9333344
33007,13.36666679,100.9833298
33007,10.66666698,99.33333588
33007,10.10000038,99.83333588
33007,10.08333302,99.8666687
33007,7.94999981,100.0
33007,18.93333244,96.43333435
33007,9.96666622,98.6333313
33007,14.58333302,100.4499969
33007,15.13333321,103.3499985
33007,18.71666718,99.03333282
33007,14.01666641,99.53333282
33007,15.26666641,102.2833328
33007,12.10000038,99.01667023
33007,13.6833334,102.5
33007,12.66666698,102.1999969
33007,12.5,92.75
33007,9.10000038,99.23332977
33007,10.61666679,104.1833344
33007,11.30000019,106.0999985
33007,14.88333321,101.7333298
33007,17.96666718,102.5999985
33007,14.66666698,100.9000015
33007,14.53333378,100.9166641
33007,10.75,106.7666702
33007,13.75,100.5166702
33007,14.66666698,100.9000015
33007,17.83333397,101.75
33007,17.0,101.8333359
33007,17.96666718,102.5999985
33007,11.8166666,106.9666672
33007,12.0,102.3833313
33007,8.4333334,99.96666718
33007,12.91666698,102.3833313
33007,16.85000038,101.9333344
33007,12.91666698,102.3833313
33007,16.46666718,99.5
33007,15.10000038,104.5833359
33007,14.94999981,98.65000153
33007,15.36666679,100.0500031
33007,12.9333334,102.2166672
33007,10.61666679,104.1833344
33007,14.58333302,100.4499969
33007,12.66666698,102.3333359
33007,14.53333378,100.9166641
33007,14.5,101.1666641
33007,12.63333321,101.4333344
33007,12.63333321,101.4333344
33007,14.58333302,101.8333359
33007,7.26666689,100.5333328
33007,14.66666698,100.9000015
33007,14.53333378,100.9166641
33007,7.19999981,100.5999985
33007,18.78333282,98.98332977
33007,7.19999981,100.5999985
33007,15.23333359,104.8666687
33007,18.78333282,98.98332977
33007,14.73333359,98.6333313
33007,7.19999981,100.5999985
33007,13.23333359,101.0999985
33007,12.53555584,99.47250366
33007,11.20888901,99.52749634
33007,13.00916672,99.92055511
33007,7.6500001,100.4000015
33007,7.34999991,100.4833298
33007,7.26666689,100.5166702
33007,6.86833334,101.3563919
33007,16.78333282,104.4333344
33007,15.4333334,105.4833298
33007,9.11666679,99.19999695
33007,10.75,99.21666718
33007,7.76666689,100.1166687
33007,12.44999981,102.2666702
33007,16.5,104.8166656
33007,12.26194477,106.9244461
33007,17.64999962,95.80000305
33007,16.78333282,96.16666412
33007,17.33333397,96.48332977
33007,12.4333334,98.59999847
33007,12.10000038,99.01667023
33007,13.53333378,99.83333588
33007,13.16666698,100.9333344
33007,12.0,102.3833313
33007,13.36666679,103.8499985
33007,8.6833334,106.6166687
33007,12.25,109.0999985
33007,9.648131,100.197445
33007,11.474642,107.362518
33007,14.5,101.166667
33007,14.5,101.0
33007,12.860833,107.696944
33007,22.533333,88.366667
33007,23.843232,90.268498
33007,12.433333,98.616667
33007,12.5903,105.27
33007,5.74717141,101.4698499
239578615,10.106911,77.132212
239578615,10.190311,77.177277
239578615,10.220167,77.204139
239578615,11.255016,76.522522
239578615,10.190311,77.177274
239578615,10.1,77.06667
239578615,11.462081,76.675249
239578615,11.462725,76.679755
239578615,11.46257,76.679813
239578615,11.462735,76.679838
239578615,11.462405,76.680437
239578615,11.400114,76.736356
239578615,11.421767,76.861728
239578615,11.397243,76.86658
239578615,11.509655,76.933578
239578615,10.142493,77.036139
239578615,10.143403,77.040451
239578615,10.332647,77.045363
239578615,10.140742,77.047264
239578615,10.134005,77.05439
239578615,10.088933,77.059525
239578615,10.276166,77.161458
239578615,10.308236,77.167993
239578615,10.228113,77.487494
239578615,10.230476,77.494163
239578615,10.231254,77.494508
239578615,10.21035,77.165574
239578615,11.5,76.5
239578615,10.1487,77.386022
239578615,10.347878,77.008864
239578615,11.425119,76.691869
239578615,11.425303,76.720347
239578615,11.399722,76.734311
239578615,11.388437,76.623634
239578615,11.388469,76.623658
239578615,11.388828,76.679531
239578615,11.356867,76.796781
239578615,11.79385,78.207256
239578615,11.415013,76.764812
239578615,11.483158,76.566211
239578615,9.939242,77.242308
239578615,10.23333,77.48333
239578615,11.480168,76.544333
239578615,10.2083,77.45
239578615,10.106961,77.132225
239578615,11.480168,76.544333
239578615,10.2667,77.5167
239578615,11.302128,76.594519
239578615,11.887983,77.174403
239578615,11.400114,76.736356
239578615,10.2333,77.48333
239578615,10.175,77.3917
239578615,11.79385,78.207256
239578615,11.796517,78.213175
239578615,11.367572,76.702258
239578615,10.225511,77.456514
239578615,10.238414,77.481758
239578615,11.9417,77.175
239578615,10.208908,77.435978
239578615,11.875,77.1917
239578615,10.175,77.0917
239578615,10.234113,77.481734
239578615,10.143714,77.034967
239578615,10.14795,77.036864
239578615,11.483158,76.566211
239578615,10.145742,77.03565
239578615,10.142681,77.03865
239578615,10.091186,77.065469
239578615,11.35,76.85
239578615,10.145564,77.039792
239578615,10.251594,77.392739
239578615,10.201983,77.186917
239578615,10.207617,77.190328
239578615,10.200975,77.191903
239578615,10.204167,77.197497
239578615,11.415036,76.764886
239578615,10.18455,77.088272
239578615,9.998389,77.229036
239578615,10.005092,77.238742
239578615,9.989231,77.229514
239578615,9.986158,77.230236
239578615,9.979706,77.245319
239578615,9.597081,77.221886
239578615,10.23,77.49
239578615,9.939242,77.242308
239578615,10.2335,77.102992
239578615,9.939242,77.242308
239578615,11.483158,76.56621
239578615,11.483158,76.566211
239578615,11.396239,76.777572
239578615,10.146903,77.036811
239578615,10.19635,77.507544
239578975,10.163193,77.013117
239578975,9.628039,77.358311
239578975,10.36092,76.878776
239578975,10.207201,76.909532
239578975,10.390775,76.982522
239578975,10.388104,76.991792
239578975,10.175936,77.030686
239578975,10.136966,77.059598
239578975,9.64028,77.3667
239578975,10.25305,77.055722
239578975,10.161764,77.004511
239578975,10.137876,77.059479
239578975,11.462611,76.095633
239578975,11.490422,76.14
239578975,10.296297,77.152556
239578975,10.361156,76.723992
239578975,10.300033,76.789008
239578975,11.454375,76.369211
239578975,10.142925,77.037861
239578975,9.974617,77.229764
239578975,9.979706,77.245319
239578975,10.232678,76.898178
239578975,10.172925,77.010197
239578975,10.118553,76.930553
239578975,10.162697,77.067414
239578975,10.095578,77.186072
239578975,11.483158,76.566211
239578975,10.52234,76.75562
239578975,10.5248,76.7741
239578975,9.608519,77.069839
239579056,10.317593,76.832915
239579056,10.218257,76.972072
239579056,9.366006,76.945817
239579056,8.619864,77.228894
239579056,9.524572,77.114692
239579056,10.358489,76.766161
239579056,10.336889,76.817847
239579056,8.62505,77.246597
239579056,8.629497,77.255039
239579056,10.3375,76.855556
239579056,11.641403,75.883611
239855551,8.678779,77.162476
239905380,8.71052535,77.12977399
239905380,10.32029535,76.22960534
239905380,10.54891022,76.44589479
239905380,10.35155231,76.52034957
239905380,8.95964973,77.06447838
239905380,8.75,77.1083
239905380,8.48788692,77.40964011
239905380,8.50395247,77.46713087
239905380,9.64691344,77.47743641
239905390,9.45694,77.1764
239905390,9.3125,77.1847
239905390,10.084238,77.05139
239905390,10.1917,76.975
239905390,8.441667,77.475
239905390,10.313803,76.840387
239905390,12.5473138,75.90062714
239905390,10.78385308,76.69235945
239905390,9.81227986,77.03210587
239905440,10.9167,76.5861
239905440,12.406351,75.52388
239905440,12.757,75.591667
239905440,12.65804812,75.68804165
239905440,8.7,77.383333
239905440,15.80332049,74.62929011
239905600,22.75182207,77.73302549
239905600,22.46825551,78.44148493
239905600,22.26714368,78.68843078
239905630,15.08584798,76.54620537
239905630,9.94167,77.1833
239905630,8.5049702,77.46644497
239905630,10.38450242,78.79515082
239905630,11.75083183,79.76749059
239905630,10.77843885,79.82703567
239906076,8.61111,77.3472
239906076,9.56528,77.4014
239906076,8.59722,77.3528
239906076,8.52222,77.4611
239906076,8.66667,77.2861
239906076,11.292973,78.572644
239906076,8.93159404,77.28137908
239906076,8.51770392,77.55090163
239906076,8.73669873,77.73788627
242376348,19.205849,72.906886
242376348,19.209258,72.907206
242376348,19.209735,72.906501
242376348,19.209774,72.907037
242376348,19.109198,72.861725
242376348,19.20931743,72.90620282
242376348,19.20977365,72.90703702
242376348,19.20973545,72.90650058
242376348,19.31340518,72.9955773
242376348,19.22045219,72.91284196
242376348,19.20584864,72.9068864
242376348,19.20925759,72.90720597
242376348,19.207358,72.906952
242376348,19.205919,72.907088
242376348,19.207338,72.9071
242376348,19.07591,72.87765574
242376348,19.22880798,72.91817822
242376348,24.5926,72.7156
242376348,19.222372,72.778918
242376348,19.271225,72.793754
242376348,19.20607,72.906749
242376348,21.758709,73.803263
242376348,21.881081,74.461355
242376348,18.150663,74.576782
242376348,17.65992,75.906387
242376348,18.9623,77.1309
242376348,22.448978,78.370445
247297998,10.01860046,76.73880005
247297998,9.52984047,76.97499847
247297998,9.52915955,76.97530365
247297998,8.68006992,77.13089752
247297998,8.68463039,77.13289642
247297998,8.68126965,77.14219666
247297998,8.56671047,77.14499664
247297998,8.67020035,77.16049957
247297998,8.67029953,77.16069794
254095810,18.738585,73.360862
254095810,17.0142366,73.7816154
254095810,18.9920869,73.5129775
254095810,17.7208314,73.8237159
254095810,18.992817,73.516668
254095810,18.56178,73.46854
254095810,17.16180102,73.74134034
254095810,18.78237,73.38062
254095810,18.82013,73.41176
254095810,17.10211,73.66072
254095810,17.97089,73.66824
254095810,17.92968,73.83481
254095810,18.346842,73.6049
254095810,17.78673,73.72165
254095810,17.00733,73.77377
254095810,17.72822,73.78567
254095810,17.71704,73.79146
254095810,17.75855,73.82874
254475077,23.58760071,68.61519623
254475077,23.52960014,68.68209839
254475077,23.79829979,68.79720306
254475077,23.70849991,68.82499695
254475077,23.75909996,68.82859802
30864,14.35806,74.63769
30864,7.4,80.8
30864,12.75778,75.71022
30864,10.5838,76.3316
30864,14.860348,74.757843
30864,10.33054,76.58981
30864,10.32949,76.5892
30864,10.30283,76.60445
242376417,21.53536,70.521909
242376417,21.535376,70.521921
242376417,21.5332459,70.524329
242376417,19.191369,73.766898
242376417,17.720831,73.823716
242376417,17.720831,73.823716
242376417,17.720831,73.823716
242376417,17.727944,73.823031
242376417,17.72759,73.822789
242376417,17.732675,73.823505
242376417,17.720831,73.823716
242376417,17.726827,73.822897
242376417,17.720831,73.823716
242376417,17.720831,73.823716
242376417,17.7208314,73.8237159
242376417,17.7208314,73.8237159
242376417,17.7208314,73.8237159
242376417,17.72794447,73.82303081
242376417,17.72758967,73.82278908
242376417,17.7326747,73.82350456
242376417,17.7208314,73.8237159
242376417,17.72682705,73.82289737
242376417,17.7208314,73.8237159
242376417,17.7208314,73.8237159
242376417,17.689765,73.137263
242376417,19.938845,73.750227
242376417,17.687473,73.800821
242376417,17.733333,73.816667
242376417,17.726599,73.818764
242376417,17.72759,73.822789
242376417,17.732675,73.823505
242376417,17.726615,73.824139
242376417,17.33394444,73.89361111
242376417,17.431533,73.929873
242376417,17.4084,73.944886
242376417,17.395844,73.965322
242376417,16.818756,74.073273
242376417,17.602053,74.29626
242376417,20.7002,77.0082
